alejandro;alex@gmail.com
quesito;alex2@gmail.es
daniel;daniel@gmail.com
ivan;ivan@gmail.com
marcos;marcos@gmail.com
atun;atun@gmail.com
ignacio;ignacio@gmail.com
casito;casito@gmail.com
casito;casito@gmail.com
